﻿IDUser;Login;Password;Name;Surname;Patronymic;Series;Number;Phone;Adress;E-Mail;DateOfIssue;Issued;DateOfBirth;PlaceOfBirth
1;11198151;3QjGHM;Александр ;Смирнов;Иванович;4513;989722;88005353535;Площадь Соловецких Юнг, дом № 25, квартира 8;smirnov@qwer.ty;2014-12-01;Отделение по району Арбат ОУФМС России по городу Москве в ЦАО;1987-02-16;Гор. Приморск Калининградской обл.
2;11198201;6RElM44FHBa4g5S2VJ;Максим ;Иванов;Петрович;4511;267981;85003296574;Улица 1905 Года, дом 1, квартира 56;ivanovmi@qwer.ty;2012-03-25;Отделение по району Таганский ОУФМС России по городу Москве в ЦАО;1997-06-13;Гор. Киров Калужской области
3;11198251;7vvOdp;Дарья;Кузнецова;Николаевна;9852;161662;89004685299;3-й Автозаводский проезд, дом 9, квартира 168;kuzn@qwer.ty;2003-06-06;Отделение по району Тверской ОУФМС России по городу Москве в ЦАО;1974-08-13;Гор. Радужный Владимирской обл.
4;11198301;9OzMPyhHqTbvHMg3Y0;Артём;Соколов;Алексеевич;7542;230521;84569852365;Улица Академика Янгеля, дом 52, корп. 2, квартира 52;sokolov@qwer.ty;2007-11-08;Отделение по району Беговой ОУФМС России по городу Москве в САО;1995-03-24;Гор. Красноармейск Московской обл.
5;11198351;a58JH1bxD5BN0mhfxM;Никита;Попов;Кириллович;4523;589923;84598523675;Алтуфьевское шоссе, дом 78, квартира 63;popov@qwer.ty;2010-01-30;Отделение по району Бескудниковский ОУФМС России по городу Москве в САО;1970-09-10;Гор. Краснознаменск Калининградской обл.
6;11198401;aJBTahvyRnOJlnl85g;Дмитрий;Лебедев;Анатольевич;6321;169845;87596542365;Староватутинский проезд, дом 20, квартира 45;lebedev@qwer.ty;2009-04-29;Отделение по району Коптево ОУФМС России по городу Москве в САО;1983-04-27;Гор. Краснослободск Волгоградской обл.
7;11198451;CiYKA519tAMlqktBk7;Егор ;Козлов;Александрович;1259;468520;84236985642;Андроньевская площадь, дом 7, квартира 36;kozlov@qwer.ty;2013-08-15;Отделение по району Левобережный ОУФМС России по городу Москве в САО;1983-07-26;Гор. Благовещенск Амурской области
8;11198501;CTtpfJgrLszusmfKiS;Даниил;Новиков;Сергеевич;6784;989604;89423015895;Староорловская улица, дом 12, квартира 157;novikov@qwer.ty;2006-05-22;Отделение по району Молжаниновский ОУФМС России по городу Москве в САО;1993-09-29;Гор. Сергиев Посад Московской обл.
9;11198551;d6WYQjwinVWkTpm2xr;Михаил;Морозов;Павлович;7842;132588;84572268745;Анненская улица, дом 85, квартира 69;morozov@qwer.ty;2016-10-23;Отделение по району Савёловский ОУФМС России по городу Москве в САО;1978-10-24;Гор. Советск Тульской области
10;11198601;egNPSVZbahCw9eGN7h;Андрей;Петров;Владимирович;3685;597875;84215875215;Улица Старый Гай, дом 45, квартира 49;petrov@qwer.ty;2004-07-25;Отделение по району Тимирязевский ОУФМС России по городу Москве в САО;1981-11-20;Гор. Ставрополь
11;11198651;eU1oxIwjZnfChSbMFT;Алексей;Волков;Романович;4653;498532;88452625254;Бабаевская улица, дом 2, корп. 3, квартира 74;volkov@qwer.ty;2003-09-05;Отделение по району Ховрино ОУФМС России по городу Москве в САО;1977-03-01;Гор. Лобня Московской обл.
12;11198701;EzpJHEq1w1EVwXSvgO;Илья;Соловьёв;Константинович;2156;164582;84526825526;Улица Строителей, дом 74, квартира 175;soloviev@qwer.ty;2012-01-10;Отделение по району Хорошёвский ОУФМС России по городу Москве в САО;1985-10-08;Г. Тюмень
13;11198751;fGxtshkeKdK0qUWojz;Кирилл;Васильев;Владиславович;9865;312654;86138420555;Барабанный переулок, дом 4, корп. 5, квартира 95;vasiliev@qwer.ty;2013-11-15;Отделение по району Алексеевский ОУФМС России по городу Москве в СВАО;1975-05-28;Гор. Никольск Вологодской области
14;11198801;gdbKuitHoZddoTPucD;Сергей;Зайцев;Игоревич;2326;789582;84654851686;Улица Судакова, дом 13, квартира 198;zaycev@qwer.ty;2015-09-28;Отделение по району Бабушкинский ОУФМС России по городу Москве в СВАО;1989-05-15;Гор. Заречный Пензенской области
15;11198851;GgvL9nMWcyHgHyMwxY;Владислав;Павлов;Викторович;9862;659874;85532875267;Сходненский проезд, дом 10, квартира 216;pavlov@qwer.ty;2008-06-12;Отделение по району Марфино ОУФМС России по городу Москве в СВАО;1988-10-31;Гор. Озёрск Калининградской области
16;11198901;GRWAnx5BgWVsvH5A57;Роман;Семёнов;Васильевич;3232;201265;82457157525;Площадь Белы Куна, дом 32, корп. 2, квартира 42;semenov@qwer.ty;2005-10-03;Отделение по району Бибирево ОУФМС России по городу Москве в СВАО;1973-08-17;Г. Орёл
17;11198951;hVfU4jfWLhuGKBqjKG;Владимир;Голубев;Петрович;1328;745956;86459524585;Тамбовская улица, дом 8, квартира 15;golubev@qwer.ty;2012-03-23;Отделение по району Бутырский ОУФМС России по городу Москве в СВАО;1999-06-21;Гор. Дмитров
18;11199001;HW75uK9wGv64XVj00F;Тимофей;Виноградов;Тимофеевич;6892;302123;84572252989;Улица Берзарина, дом 9, квартира 85;vinogradov@qwer.ty;2018-02-16;Отделение по району Останкинский ОУФМС России по городу Москве в СВАО;1987-01-28;Гор. Волгоград
19;11199051;iBQKgxitWVia1UcZLc;Матвей;Богданов;Антонович;5986;656963;86482157555;Бесединский мост, дом 6, квартира 47;bogdanov@qwer.ty;2007-12-28;Отделение по району Отрадное ОУФМС России по городу Москве в СВАО;1988-06-07;Г.  Санкт-Петербург
20;11199101;Ih4bcxT0G6fYXmA7aC;Георгий;Воробьёв;Валерьевич;7964;154825;84688822852;Тверской бульвар, дом 2, квартира 75;vorobiev@qwer.ty;2002-10-10;Отделение по району Свиблово ОУФМС России по городу Москве в СВАО;1979-04-09;Гор.  Новосибирск
21;11199151;itRLonnM6Qx3ClPIXb;Николай;Фёдоров;Иванович;2394;743657;86459215585;Улица Улофа Пальме, дом 6, квартира 65;phedorov@qwer.ty;2003-11-25;Отделение по району Северное Медведково ОУФМС России по городу Москве в СВАО;1998-12-03;Гор. Екатеринбург
22;11199201;J05dxx2uXzYsbFtOiz;Павел;Михайлов;Петрович;8623;953684;84589221015;Устьинский проезд, дом 16, квартира 167;michailov@qwer.ty;2011-04-26;Отделение по району Северный ОУФМС России по городу Москве в СВАО;1978-01-18;Гор. Москва
23;11199251;j1UuMqx1ntqJkif42S;Арсений ;Беляев;Николаевич;2986;213025;85497522542;Бурцевская улица, дом 36, корп. 3, квартира 45;belyaev@qwer.ty;2016-01-05;Отделение по району Южное Медведково ОУФМС России по городу Москве в СВАО;1998-08-11;Гор. Казань
24;11199301;jdVOqCHWxaNi6NkzSt;Денис;Тарасов;Алексеевич;2966;956420;85485112358;Улица Фадеева, дом 3, квартира 115;tarasov@qwer.ty;2017-11-24;Отделение по району Ярославский ОУФМС России по городу Москве в СВАО;1984-11-13;Гор. Самара
25;11199351;jFXpiR7K6sRZFLg2s1;Степан;Белов;Кириллович;2368;369785;86596620154;Улица Вавилова, дом 42, квартира 128;belov@qwer.ty;2007-08-03;Отделение по району Богородское ОУФМС России по городу Москве в ВАО;1987-01-22;Г. Челябинск
26;11199401;k2TVAonWmrFnYiKNiX;Фёдор;Комаров;Анатольевич;1359;546798;82156225962;Варшавское шоссе, дом 168, квартира 42;komarov@qwer.ty;2003-01-07;Отделение по району Восточное Измайлово ОУФМС России по городу Москве в ВАО;1998-02-25;Гор. Омск
27;11199451;Kk3Qd78OhyRa4opQU7;Данила;Орлов;Александрович;6795;132560;86520756586;Гаврикова улица, дом 1, квартира 95;orlov@qwer.ty;2010-05-03;Отделение по району Восточный ОУФМС России по городу Москве в ВАО;1986-04-03;Г. Ростов-на-Дону
28;11199501;kp7tugUy3HsKCmmtlc;Антон;Киселёв;Сергеевич;2386;258645;87549854856;Фруктовая улица, дом 6, квартира 53;kisilev@qwer.ty;2005-05-16;Отделение по району Гольяново ОУФМС России по городу Москве в ВАО;1997-09-09;Гор. Уфа
29;11199551;L983dBgTDQ1tGerWCq;Константин;Макаров;Павлович;2376;752346;84689522545;Давыдковская улица, дом 74, квартира 132;makarov@qwer.ty;2010-06-17;Отделение по району Ивановское ОУФМС России по городу Москве в ВАО;1994-02-15;Гор. Советск Тульской области
30;11199601;LhS2dykZ2OTAscYf1g;Глеб;Андреев;Владимирович;5985;213577;85498659855;Хвалынский бульвар, дом 65, квартира 32;andreev@qwer.ty;2002-09-11;Отделение по району Метрогородок ОУФМС России по городу Москве в ВАО;1994-12-01;Гор. Ставрополь
31;11199651;M0JgTAhYpTmWUErWm7;Ярослав;Ковалёв;Романович;2354;543258;82487628982;Егорьевская улица, дом 42, квартира 213;kovalev@qwer.ty;2017-11-15;Отделение по району Новокосино ОУФМС России по городу Москве в ВАО;1986-02-05;Гор. Лобня Московской обл.
32;11199701;m6KjH5EZqxSkNqv1bk;Григорий;Ильин;Константинович;7528;699505;82598525558;Хордовый проезд, дом 2, квартира 52;ilin@qwer.ty;2012-01-25;Отделение по району Преображенское ОУФМС России по городу Москве в ВАО;1990-11-30;Г. Тюмень
33;11199751;87235890123;Игорь;Гусев;Владиславович;8087;321456;82265525855;Жебрунова улица, дом 3, корп. 4, квартира 154;gusev@qwer.ty;2009-02-26;Отделение по району Соколиная гора ОУФМС России по городу Москве в ВАО;1980-07-10;Гор. Никольск Вологодской области
34;11199801;mcqGZcEu3uORGiX3gw;Евгений;Титов;Игоревич;3057;275264;87897956626;Улица Цандера, дом 62, квартира 123;titov@qwer.ty;2007-11-06;Отделение по району Выхино ОУФМС России по городу Москве в ЮВАО;1989-10-24;Гор. Заречный Пензенской области
35;11199851;n06XQfr9xIglyRxoBw;Тимур;Кузьмин;Викторович;9731;579524;82058220820;Улица Цюрупы, дом 52, квартира 32;kuzmin@qwer.ty;2001-03-16;Отделение по району Жулебино ОУФМС России по городу Москве в ЮВАО;1988-08-12;Гор. Озёрск Калининградской области
36;11199901;O8NmOA27AH5lrD7pck;Руслан;Кудрявцев;Васильевич;1388;698852;81358622258;Чагинская улица, дом 2, квартира 16;kudryavcev@qwer.ty;2009-06-10;Отделение по району Капотня ОУФМС России по городу Москве в ЮВАО;1992-11-11;Г. Орёл
37;11199951;o9ReQIVwl7dO4xXo8A;Пётр;Баранов;Петрович;5582;859856;83524988562;Саратовская улица, дом 6, квартира 28;baranov@qwer.ty;2014-08-11;Отделение по району Лефортово ОУФМС России по городу Москве в ЮВАО;1972-10-25;Гор. Дмитров
38;11200001;ot2V54rFnT3FZa6ken;Олег;Куликов;Тимофеевич;8642;446852;89756982585;Улица Чкалова, дом 34, квартира 79;kulikov@qwer.ty;2010-12-20;Отделение по району Марьино ОУФМС России по городу Москве в ЮВАО;1977-01-03;Гор. Москва
39;11200051;Yt9CfHzuIzKd1QtbGQ;Вадим;Алексеев;Антонович;2383;659798;82475285598;Шелепихинское шоссе, дом 165, квартира 82;alekseev@qwer.ty;2016-03-02;Отделение по району Марьинский парк ОУФМС России по городу Москве в ЮВАО;1978-09-29;Гор. Озёрск Челябинской области
40;11200101;pGoOH61p8NM6LfEmAT;Василий;Степанов;Валерьевич;3345;659887;81418569894;Северянинский проезд, дом 19, квартира 94;stepanov@qwer.ty;2000-11-23;Отделение по району Нижегородский ОУФМС России по городу Москве в ЮВАО;1995-09-28;Гор. Уфа
41;11200151;pRPYLY0fJYyUw9OCiY;Вячеслав;Яковлев;Иванович;7057;2013456;86245225745;Улица Шишкина, дом 40, квартира 95;yakovlev@qwer.ty;2002-01-04;Отделение по району Рязанский ОУФМС России по городу Москве в ЮВАО;1992-03-02;Гор. Советск Тульской области
42;11200201;PrwWUvnFbwJ6JBgGiU;Виктор;Сорокин;Петрович;8080;976431;84575298740;Семёновский проезд, дом 31, квартира 4;sorokin@qwer.ty;2003-07-08;Отделение по району Текстильщики ОУФМС России по городу Москве в ЮВАО;1970-10-28;Гор. Ставрополь
43;11200251;pvNJlnOJBrGltsZLXQ;Юрий;Сергеев;Алексеевич;7953;6478024;85082588625;Школьная улица, дом 75, квартира 165;sergeev@qwer.ty;2009-08-26;Отделение по району Южнопортовый ОУФМС России по городу Москве в ЮВАО;1985-04-15;Гор. Лобня Московской обл.
44;11200301;PY2HtuVHtJ46zA7kkO;Артемий;Романов;Кириллович;2398;9761320;82862078528;Славянский бульвар, дом 46, квартира 69;romanov@qwer.ty;2015-10-15;Отделение по району Братеево ОУФМС России по городу Москве в ЮАО;1996-04-29;Гор. Приморск Ленинградской обл.
45;11200351;qDsF9DRzfIBoa9sKHp;Леонид;Захаров;Анатольевич;2525;764513;84579652112;Сумской проезд, дом 3, корп. 1, квартира 177;zaharov@qwer.ty;2004-04-14;Отделение по району Донской ОУФМС России по городу Москве в ЮАО;1974-04-19;Гор. Москва
46;11200401;QjkB8vTJLKhXxLF84Q;Давид;Борисов;Александрович;1348;794682;89564628528;Банный проезд, дом 5, квартира 132;borisov@qwer.ty;2009-10-22;Отделение по району Нагатино-Садовники ОУФМС России по городу Москве в ЮАО;1980-12-18;Гор. Москва
47;11200451;qqFHTtDNu06HVD6RWS;Марк;Королёв;Сергеевич;1346;497256;87952826852;Сурский проезд, дом 3, квартира 28;korolev@qwer.ty;2013-11-12;Отделение по району Нагорный ОУФМС России по городу Москве в ЮАО;1994-02-08;Гор. Заречный Свердловской области
48;11200501;qt7fm17taYOjWQmrPD;Лев;Герасимов;Павлович;8643;498536;89752368520;Тарный проезд, дом 6, квартира 30;gerasimov@qwer.ty;2009-05-07;Отделение по району Орехово-Борисово Северное ОУФМС России по городу Москве в ЮАО;1988-09-07;Гор. Москва
49;11200551;R8NOISmTE1Fv2LWNPU;Семён;Пономарёв;Владимирович;2597;187562;87525878556;Бескудниковский проезд, дом 9, квартира 74;ponomarev@qwer.ty;2016-03-16;Отделение по району Чертаново Северное ОУФМС России по городу Москве в ЮАО;1985-02-22;Гор. Москва
50;11200601;RczPSf3qZx6DRvXhzs;Артур;Григорьев;Романович;1380;986458;85274163412;Улица Татьяны Макаровой, дом 7, квартира 36;grigoriev@qwer.ty;2014-12-14;Отделение по району Академический ОУФМС России по городу Москве в ЮЗАО;1998-10-15;Гор. Киров Кировской области
