-- phpMyAdmin SQL Dump
-- version 4.8.5
-- https://www.phpmyadmin.net/
--
-- Хост: 127.0.0.1
-- Время создания: Май 22 2019 г., 09:00
-- Версия сервера: 10.1.39-MariaDB
-- Версия PHP: 7.3.5

SET SQL_MODE = "NO_AUTO_VALUE_ON_ZERO";
SET AUTOCOMMIT = 0;
START TRANSACTION;
SET time_zone = "+00:00";


/*!40101 SET @OLD_CHARACTER_SET_CLIENT=@@CHARACTER_SET_CLIENT */;
/*!40101 SET @OLD_CHARACTER_SET_RESULTS=@@CHARACTER_SET_RESULTS */;
/*!40101 SET @OLD_COLLATION_CONNECTION=@@COLLATION_CONNECTION */;
/*!40101 SET NAMES utf8mb4 */;

--
-- База данных: `test1bank`
--

-- --------------------------------------------------------

--
-- Структура таблицы `bankaccount`
--

CREATE TABLE `bankaccount` (
  `NumberAccount` varchar(50) NOT NULL,
  `IDUser` int(11) NOT NULL,
  `DateOpen` date NOT NULL,
  `Balance` float NOT NULL,
  `TypeID` int(11) NOT NULL
) ENGINE=MyISAM DEFAULT CHARSET=utf8;

--
-- Дамп данных таблицы `bankaccount`
--

INSERT INTO `bankaccount` (`NumberAccount`, `IDUser`, `DateOpen`, `Balance`, `TypeID`) VALUES
('7465989298', 35, '2017-05-25', 69828.5, 2),
('7465989448', 46, '2017-06-29', 29980.6, 2),
('7465989198', 44, '2018-03-20', 20087.9, 1),
('7465989248', 37, '2018-01-30', 96037.7, 1),
('7465989348', 44, '2017-12-29', 97814, 3),
('7465989398', 39, '2017-06-16', 87722, 3),
('7465988698', 38, '2017-04-19', 42070, 3),
('7465988748', 45, '2017-11-07', 21932.7, 1),
('7465988798', 48, '2017-06-19', 4765.38, 1),
('7465988848', 36, '2017-04-21', 29367.1, 3),
('7465988898', 41, '2017-12-26', 96385.9, 3),
('7465988948', 16, '2017-04-06', 9113.2, 1),
('7465988998', 49, '2017-09-22', 5815.74, 2),
('7465989048', 32, '2017-06-22', 26922.7, 2),
('7465989098', 47, '2017-09-20', 83450, 3),
('7465989148', 20, '2017-10-30', 73140.6, 3),
('7465988648', 35, '2017-09-12', 70773.3, 2),
('7465986898', 5, '2017-07-27', 274425, 2),
('7465986948', 11, '2017-08-17', 8171.69, 2),
('7465986998', 1, '2017-06-09', 63796, 2),
('7465987048', 4, '2017-08-16', 512934, 3),
('7465987098', 10, '2017-08-10', 73263.9, 3),
('7465987148', 2, '2018-01-01', 763774, 2),
('7465987198', 15, '2017-09-05', 54427.3, 1),
('7465987248', 18, '2018-03-05', 29173.4, 1),
('7465987298', 13, '2017-09-04', 25469.1, 3),
('7465987348', 19, '2017-10-20', 52846.9, 1),
('7465987398', 12, '2018-03-23', 49382.9, 3),
('7465987448', 14, '2017-05-30', 94527.5, 2),
('7465987498', 25, '2018-01-04', 98093.1, 1),
('7465987548', 24, '2017-11-08', 28868.1, 2),
('7465987598', 29, '2017-09-07', 95518, 2),
('7465987648', 40, '2017-09-11', 45680, 2),
('7465987698', 1, '2018-03-06', 226215, 2),
('7465987748', 16, '2017-10-19', 960291, 2),
('7465987798', 26, '2017-09-18', 84092.2, 1),
('7465987848', 21, '2017-05-17', 55103.5, 3),
('7465987898', 48, '2017-06-06', 69675.7, 1),
('7465987948', 50, '2017-06-23', 30578.6, 3),
('7465987998', 6, '2017-10-25', 74349.8, 3),
('7465988048', 34, '2017-08-08', 19419.9, 3),
('7465988098', 3, '2017-11-15', 870368, 3),
('7465988148', 28, '2017-09-27', 919980, 2),
('7465988198', 9, '2018-02-16', 405047, 3),
('7465988248', 33, '2018-02-05', 979077, 2),
('7465988298', 16, '2018-02-08', 680618, 1),
('7465988348', 8, '2017-03-24', 929955, 3),
('7465988398', 43, '2017-11-13', 55257.7, 2),
('7465988448', 30, '2018-02-27', 86201.1, 3),
('7465988498', 7, '2017-06-30', 65878.2, 2),
('7465988548', 17, '2017-06-15', 22562.3, 1),
('7465988598', 40, '2017-10-16', 62945.2, 3),
('7465989498', 22, '2018-01-29', 4936.04, 2),
('7465989548', 47, '2018-03-16', 77326.6, 3),
('7465989598', 41, '2018-01-05', 79632, 3),
('7465989648', 23, '2017-08-02', 69382.8, 3),
('7465989698', 43, '2017-05-23', 53609, 3),
('7465989748', 42, '2017-10-11', 40371.4, 2),
('7465989798', 31, '2018-03-19', 47.87, 1),
('7465989848', 27, '2018-01-24', 14421.3, 3);

-- --------------------------------------------------------

--
-- Структура таблицы `contract`
--

CREATE TABLE `contract` (
  `IDContract` int(11) NOT NULL,
  `NumberAccount` varchar(50) NOT NULL,
  `IDUser` int(11) NOT NULL,
  `Amount` float NOT NULL,
  `Period` int(11) NOT NULL,
  `ExpirationDate` date NOT NULL,
  `Percet` float NOT NULL
) ENGINE=MyISAM DEFAULT CHARSET=utf8;

--
-- Дамп данных таблицы `contract`
--

INSERT INTO `contract` (`IDContract`, `NumberAccount`, `IDUser`, `Amount`, `Period`, `ExpirationDate`, `Percet`) VALUES
(12, '7465988448', 30, 2503710, 1491, '2021-06-29', 7.61),
(13, '7465988598', 40, 2063440, 1525, '2022-03-09', 5.66),
(11, '7465988348', 8, 8065100, 1233, '2021-08-07', 5.3),
(10, '7465988198', 9, 3246610, 850, '2020-02-17', 6.07),
(9, '7465988098', 3, 2264680, 1292, '2021-03-19', 5.02),
(8, '7465988048', 34, 4846960, 1776, '2023-01-14', 7.66),
(7, '7465987998', 6, 9636410, 1415, '2021-07-21', 7.91),
(6, '7465987948', 50, 8768240, 1757, '2022-10-24', 5.26),
(5, '7465987848', 21, 5930500, 1404, '2021-06-14', 7.72),
(4, '7465987398', 12, 4300920, 1158, '2020-10-17', 7.09),
(3, '7465987298', 13, 7674780, 538, '2018-11-29', 7.24),
(2, '7465987098', 10, 9262310, 1806, '2022-07-28', 7.01),
(1, '7465987048', 4, 9243410, 514, '2018-12-23', 5.45),
(14, '7465988698', 38, 3887740, 361, '2018-11-04', 7.95),
(15, '7465988848', 36, 1648470, 272, '2018-06-06', 7.74),
(16, '7465988898', 41, 4565140, 608, '2019-05-12', 6.85),
(17, '7465989098', 47, 3207610, 530, '2019-08-18', 5.8),
(18, '7465989148', 20, 1730230, 1784, '2022-09-07', 7.86),
(19, '7465989348', 44, 6069950, 646, '2019-06-26', 7.14),
(20, '7465989398', 39, 8073910, 1003, '2020-02-14', 6.48),
(21, '7465989548', 47, 6581380, 732, '2019-06-08', 5.48),
(22, '7465989598', 41, 4124060, 1799, '2022-05-27', 7.66),
(23, '7465989648', 23, 6078130, 1774, '2022-09-03', 5.97),
(24, '7465989698', 43, 8432960, 1007, '2020-05-11', 7.18),
(25, '7465989848', 27, 7252820, 1482, '2021-12-06', 7.83);

-- --------------------------------------------------------

--
-- Структура таблицы `history`
--

CREATE TABLE `history` (
  `IDOperation` int(11) NOT NULL,
  `NameOperation` varchar(10) NOT NULL,
  `DateTime` datetime NOT NULL,
  `Amount` float NOT NULL,
  `Account` varchar(50) NOT NULL
) ENGINE=MyISAM DEFAULT CHARSET=utf8;

--
-- Дамп данных таблицы `history`
--

INSERT INTO `history` (`IDOperation`, `NameOperation`, `DateTime`, `Amount`, `Account`) VALUES
(40, 'Снятие', '2018-03-28 10:48:00', 8257, '7465987848'),
(39, 'Пополнение', '2018-04-04 08:28:00', 4200, '7465988398'),
(38, 'Снятие', '2018-04-01 11:51:00', 7754, '7465988548'),
(37, 'Пополнение', '2018-03-25 09:31:00', 6000, '7465988498'),
(36, 'Пополнение', '2018-03-27 15:49:00', 9800, '7465988448'),
(35, 'Снятие', '2018-04-07 11:09:00', 9254, '7465988398'),
(34, 'Пополнение', '2018-04-08 15:42:00', 9200, '7465988348'),
(33, 'Пополнение', '2018-03-24 11:02:00', 1000, '7465988298'),
(32, 'Снятие', '2018-04-09 12:47:00', 6955, '7465988248'),
(31, 'Пополнение', '2018-04-05 11:44:00', 7400, '7465988198'),
(30, 'Снятие', '2018-04-07 09:17:00', 474, '7465988148'),
(29, 'Снятие', '2018-03-30 16:31:00', 8414, '7465988098'),
(28, 'Пополнение', '2018-03-28 10:13:00', 300, '7465988048'),
(27, 'Пополнение', '2018-03-24 09:45:00', 4550, '7465987998'),
(26, 'Пополнение', '2018-04-03 13:57:00', 9400, '7465987948'),
(25, 'Снятие', '2018-03-25 15:00:00', 1112, '7465987898'),
(24, 'Пополнение', '2018-03-27 08:07:00', 9750, '7465987848'),
(23, 'Снятие', '2018-03-29 12:19:00', 7441, '7465987798'),
(22, 'Пополнение', '2018-04-10 15:28:00', 1700, '7465987748'),
(21, 'Пополнение', '2018-04-09 12:40:00', 7900, '7465987698'),
(20, 'Снятие', '2018-03-25 09:03:00', 9569, '7465987648'),
(3, 'Снятие', '2018-03-24 10:34:00', 338, '7465986898'),
(4, 'Снятие', '2018-04-10 09:10:00', 3559, '7465987448'),
(5, 'Снятие', '2018-04-03 08:00:00', 2267, '7465987198'),
(6, 'Пополнение', '2018-03-29 13:50:00', 5700, '7465986998'),
(7, 'Пополнение', '2018-04-04 11:23:00', 8700, '7465987048'),
(8, 'Пополнение', '2018-04-09 16:24:00', 5550, '7465987098'),
(9, 'Снятие', '2018-03-28 10:27:00', 820, '7465987148'),
(10, 'Снятие', '2018-04-06 13:22:00', 7476, '7465987398'),
(11, 'Пополнение', '2018-03-29 08:21:00', 3600, '7465987248'),
(12, 'Снятие', '2018-04-06 12:05:00', 9267, '7465987248'),
(13, 'Снятие', '2018-03-24 11:30:00', 6321, '7465987298'),
(14, 'Снятие', '2018-03-30 14:39:00', 5949, '7465987348'),
(15, 'Пополнение', '2018-03-26 08:56:00', 8500, '7465987398'),
(16, 'Пополнение', '2018-04-09 14:18:00', 6050, '7465987848'),
(17, 'Пополнение', '2018-04-10 15:21:00', 8200, '7465987498'),
(18, 'Снятие', '2018-03-27 12:33:00', 5013, '7465987548'),
(19, 'Снятие', '2018-04-02 14:11:00', 8571, '7465987598'),
(2, 'Пополнение', '2018-04-11 16:38:00', 5600, '7465986948'),
(1, 'Снятие', '2018-04-07 10:20:00', 3084, '7465986898');

-- --------------------------------------------------------

--
-- Структура таблицы `type`
--

CREATE TABLE `type` (
  `TypeID` int(11) NOT NULL,
  `TypeName` varchar(20) NOT NULL
) ENGINE=MyISAM DEFAULT CHARSET=utf8;

--
-- Дамп данных таблицы `type`
--

INSERT INTO `type` (`TypeID`, `TypeName`) VALUES
(3, 'Депозитный'),
(1, 'Кредитный'),
(2, 'Дебетовый');

-- --------------------------------------------------------

--
-- Структура таблицы `user`
--

CREATE TABLE `user` (
  `IDUser` int(11) NOT NULL,
  `Login` varchar(50) NOT NULL,
  `Password` varchar(50) NOT NULL,
  `Name` varchar(50) NOT NULL,
  `Surname` varchar(50) NOT NULL,
  `Patronymic` varchar(50) DEFAULT NULL,
  `Series` varchar(50) NOT NULL,
  `Number` varchar(50) NOT NULL,
  `Phone` varchar(11) NOT NULL,
  `Adress` varchar(60) NOT NULL,
  `E-Mail` varchar(25) NOT NULL,
  `DateOfIssue` date NOT NULL,
  `Issued` varchar(50) NOT NULL,
  `DateOfBirth` date NOT NULL,
  `PlaceOfBirth` varchar(50) NOT NULL
) ENGINE=MyISAM DEFAULT CHARSET=utf8;

--
-- Дамп данных таблицы `user`
--

INSERT INTO `user` (`IDUser`, `Login`, `Password`, `Name`, `Surname`, `Patronymic`, `Series`, `Number`, `Phone`, `Adress`, `E-Mail`, `DateOfIssue`, `Issued`, `DateOfBirth`, `PlaceOfBirth`) VALUES
(46, '11200401', 'QjkB8vTJLKhXxLF84Q', 'Давид', 'Борисов', 'Александрович', '1348', '794682', '89564628528', 'Банный проезд, дом 5, квартира 132', 'borisov@qwer.ty', '2009-10-22', 'Отделение по району Нагатино-Садовники ОУФМС Росси', '1980-12-18', 'Гор. Москва'),
(45, '11200351', 'qDsF9DRzfIBoa9sKHp', 'Леонид', 'Захаров', 'Анатольевич', '2525', '764513', '84579652112', 'Сумской проезд, дом 3, корп. 1, квартира 177', 'zaharov@qwer.ty', '2004-04-14', 'Отделение по району Донской ОУФМС России по городу', '1974-04-19', 'Гор. Москва'),
(44, '11200301', 'PY2HtuVHtJ46zA7kkO', 'Артемий', 'Романов', 'Кириллович', '2398', '9761320', '82862078528', 'Славянский бульвар, дом 46, квартира 69', 'romanov@qwer.ty', '2015-10-15', 'Отделение по району Братеево ОУФМС России по город', '1996-04-29', 'Гор. Приморск Ленинградской обл.'),
(43, '11200251', 'pvNJlnOJBrGltsZLXQ', 'Юрий', 'Сергеев', 'Алексеевич', '7953', '6478024', '85082588625', 'Школьная улица, дом 75, квартира 165', 'sergeev@qwer.ty', '2009-08-26', 'Отделение по району Южнопортовый ОУФМС России по г', '1985-04-15', 'Гор. Лобня Московской обл.'),
(42, '11200201', 'PrwWUvnFbwJ6JBgGiU', 'Виктор', 'Сорокин', 'Петрович', '8080', '976431', '84575298740', 'Семёновский проезд, дом 31, квартира 4', 'sorokin@qwer.ty', '2003-07-08', 'Отделение по району Текстильщики ОУФМС России по г', '1970-10-28', 'Гор. Ставрополь'),
(41, '11200151', 'pRPYLY0fJYyUw9OCiY', 'Вячеслав', 'Яковлев', 'Иванович', '7057', '2013456', '86245225745', 'Улица Шишкина, дом 40, квартира 95', 'yakovlev@qwer.ty', '2002-01-04', 'Отделение по району Рязанский ОУФМС России по горо', '1992-03-02', 'Гор. Советск Тульской области'),
(40, '11200101', 'pGoOH61p8NM6LfEmAT', 'Василий', 'Степанов', 'Валерьевич', '3345', '659887', '81418569894', 'Северянинский проезд, дом 19, квартира 94', 'stepanov@qwer.ty', '2000-11-23', 'Отделение по району Нижегородский ОУФМС России по ', '1995-09-28', 'Гор. Уфа'),
(39, '11200051', 'Yt9CfHzuIzKd1QtbGQ', 'Вадим', 'Алексеев', 'Антонович', '2383', '659798', '82475285598', 'Шелепихинское шоссе, дом 165, квартира 82', 'alekseev@qwer.ty', '2016-03-02', 'Отделение по району Марьинский парк ОУФМС России п', '1978-09-29', 'Гор. Озёрск Челябинской области'),
(38, '11200001', 'ot2V54rFnT3FZa6ken', 'Олег', 'Куликов', 'Тимофеевич', '8642', '446852', '89756982585', 'Улица Чкалова, дом 34, квартира 79', 'kulikov@qwer.ty', '2010-12-20', 'Отделение по району Марьино ОУФМС России по городу', '1977-01-03', 'Гор. Москва'),
(37, '11199951', 'o9ReQIVwl7dO4xXo8A', 'Пётр', 'Баранов', 'Петрович', '5582', '859856', '83524988562', 'Саратовская улица, дом 6, квартира 28', 'baranov@qwer.ty', '2014-08-11', 'Отделение по району Лефортово ОУФМС России по горо', '1972-10-25', 'Гор. Дмитров'),
(36, '11199901', 'O8NmOA27AH5lrD7pck', 'Руслан', 'Кудрявцев', 'Васильевич', '1388', '698852', '81358622258', 'Чагинская улица, дом 2, квартира 16', 'kudryavcev@qwer.ty', '2009-06-10', 'Отделение по району Капотня ОУФМС России по городу', '1992-11-11', 'Г. Орёл'),
(35, '11199851', 'n06XQfr9xIglyRxoBw', 'Тимур', 'Кузьмин', 'Викторович', '9731', '579524', '82058220820', 'Улица Цюрупы, дом 52, квартира 32', 'kuzmin@qwer.ty', '2001-03-16', 'Отделение по району Жулебино ОУФМС России по город', '1988-08-12', 'Гор. Озёрск Калининградской области'),
(34, '11199801', 'mcqGZcEu3uORGiX3gw', 'Евгений', 'Титов', 'Игоревич', '3057', '275264', '87897956626', 'Улица Цандера, дом 62, квартира 123', 'titov@qwer.ty', '2007-11-06', 'Отделение по району Выхино ОУФМС России по городу ', '1989-10-24', 'Гор. Заречный Пензенской области'),
(33, '11199751', '87235890123', 'Игорь', 'Гусев', 'Владиславович', '8087', '321456', '82265525855', 'Жебрунова улица, дом 3, корп. 4, квартира 154', 'gusev@qwer.ty', '2009-02-26', 'Отделение по району Соколиная гора ОУФМС России по', '1980-07-10', 'Гор. Никольск Вологодской области'),
(32, '11199701', 'm6KjH5EZqxSkNqv1bk', 'Григорий', 'Ильин', 'Константинович', '7528', '699505', '82598525558', 'Хордовый проезд, дом 2, квартира 52', 'ilin@qwer.ty', '2012-01-25', 'Отделение по району Преображенское ОУФМС России по', '1990-11-30', 'Г. Тюмень'),
(31, '11199651', 'M0JgTAhYpTmWUErWm7', 'Ярослав', 'Ковалёв', 'Романович', '2354', '543258', '82487628982', 'Егорьевская улица, дом 42, квартира 213', 'kovalev@qwer.ty', '2017-11-15', 'Отделение по району Новокосино ОУФМС России по гор', '1986-02-05', 'Гор. Лобня Московской обл.'),
(30, '11199601', 'LhS2dykZ2OTAscYf1g', 'Глеб', 'Андреев', 'Владимирович', '5985', '213577', '85498659855', 'Хвалынский бульвар, дом 65, квартира 32', 'andreev@qwer.ty', '2002-09-11', 'Отделение по району Метрогородок ОУФМС России по г', '1994-12-01', 'Гор. Ставрополь'),
(29, '11199551', 'L983dBgTDQ1tGerWCq', 'Константин', 'Макаров', 'Павлович', '2376', '752346', '84689522545', 'Давыдковская улица, дом 74, квартира 132', 'makarov@qwer.ty', '2010-06-17', 'Отделение по району Ивановское ОУФМС России по гор', '1994-02-15', 'Гор. Советск Тульской области'),
(28, '11199501', 'kp7tugUy3HsKCmmtlc', 'Антон', 'Киселёв', 'Сергеевич', '2386', '258645', '87549854856', 'Фруктовая улица, дом 6, квартира 53', 'kisilev@qwer.ty', '2005-05-16', 'Отделение по району Гольяново ОУФМС России по горо', '1997-09-09', 'Гор. Уфа'),
(27, '11199451', 'Kk3Qd78OhyRa4opQU7', 'Данила', 'Орлов', 'Александрович', '6795', '132560', '86520756586', 'Гаврикова улица, дом 1, квартира 95', 'orlov@qwer.ty', '2010-05-03', 'Отделение по району Восточный ОУФМС России по горо', '1986-04-03', 'Г. Ростов-на-Дону'),
(26, '11199401', 'k2TVAonWmrFnYiKNiX', 'Фёдор', 'Комаров', 'Анатольевич', '1359', '546798', '82156225962', 'Варшавское шоссе, дом 168, квартира 42', 'komarov@qwer.ty', '2003-01-07', 'Отделение по району Восточное Измайлово ОУФМС Росс', '1998-02-25', 'Гор. Омск'),
(25, '11199351', 'jFXpiR7K6sRZFLg2s1', 'Степан', 'Белов', 'Кириллович', '2368', '369785', '86596620154', 'Улица Вавилова, дом 42, квартира 128', 'belov@qwer.ty', '2007-08-03', 'Отделение по району Богородское ОУФМС России по го', '1987-01-22', 'Г. Челябинск'),
(24, '11199301', 'jdVOqCHWxaNi6NkzSt', 'Денис', 'Тарасов', 'Алексеевич', '2966', '956420', '85485112358', 'Улица Фадеева, дом 3, квартира 115', 'tarasov@qwer.ty', '2017-11-24', 'Отделение по району Ярославский ОУФМС России по го', '1984-11-13', 'Гор. Самара'),
(23, '11199251', 'j1UuMqx1ntqJkif42S', 'Арсений ', 'Беляев', 'Николаевич', '2986', '213025', '85497522542', 'Бурцевская улица, дом 36, корп. 3, квартира 45', 'belyaev@qwer.ty', '2016-01-05', 'Отделение по району Южное Медведково ОУФМС России ', '1998-08-11', 'Гор. Казань'),
(22, '11199201', 'J05dxx2uXzYsbFtOiz', 'Павел', 'Михайлов', 'Петрович', '8623', '953684', '84589221015', 'Устьинский проезд, дом 16, квартира 167', 'michailov@qwer.ty', '2011-04-26', 'Отделение по району Северный ОУФМС России по город', '1978-01-18', 'Гор. Москва'),
(21, '11199151', 'itRLonnM6Qx3ClPIXb', 'Николай', 'Фёдоров', 'Иванович', '2394', '743657', '86459215585', 'Улица Улофа Пальме, дом 6, квартира 65', 'phedorov@qwer.ty', '2003-11-25', 'Отделение по району Северное Медведково ОУФМС Росс', '1998-12-03', 'Гор. Екатеринбург'),
(20, '11199101', 'Ih4bcxT0G6fYXmA7aC', 'Георгий', 'Воробьёв', 'Валерьевич', '7964', '154825', '84688822852', 'Тверской бульвар, дом 2, квартира 75', 'vorobiev@qwer.ty', '2002-10-10', 'Отделение по району Свиблово ОУФМС России по город', '1979-04-09', 'Гор.  Новосибирск'),
(19, '11199051', 'iBQKgxitWVia1UcZLc', 'Матвей', 'Богданов', 'Антонович', '5986', '656963', '86482157555', 'Бесединский мост, дом 6, квартира 47', 'bogdanov@qwer.ty', '2007-12-28', 'Отделение по району Отрадное ОУФМС России по город', '1988-06-07', 'Г.  Санкт-Петербург'),
(18, '11199001', 'HW75uK9wGv64XVj00F', 'Тимофей', 'Виноградов', 'Тимофеевич', '6892', '302123', '84572252989', 'Улица Берзарина, дом 9, квартира 85', 'vinogradov@qwer.ty', '2018-02-16', 'Отделение по району Останкинский ОУФМС России по г', '1987-01-28', 'Гор. Волгоград'),
(17, '11198951', 'hVfU4jfWLhuGKBqjKG', 'Владимир', 'Голубев', 'Петрович', '1328', '745956', '86459524585', 'Тамбовская улица, дом 8, квартира 15', 'golubev@qwer.ty', '2012-03-23', 'Отделение по району Бутырский ОУФМС России по горо', '1999-06-21', 'Гор. Дмитров'),
(16, '11198901', 'GRWAnx5BgWVsvH5A57', 'Роман', 'Семёнов', 'Васильевич', '3232', '201265', '82457157525', 'Площадь Белы Куна, дом 32, корп. 2, квартира 42', 'semenov@qwer.ty', '2005-10-03', 'Отделение по району Бибирево ОУФМС России по город', '1973-08-17', 'Г. Орёл'),
(15, '11198851', 'GgvL9nMWcyHgHyMwxY', 'Владислав', 'Павлов', 'Викторович', '9862', '659874', '85532875267', 'Сходненский проезд, дом 10, квартира 216', 'pavlov@qwer.ty', '2008-06-12', 'Отделение по району Марфино ОУФМС России по городу', '1988-10-31', 'Гор. Озёрск Калининградской области'),
(14, '11198801', 'gdbKuitHoZddoTPucD', 'Сергей', 'Зайцев', 'Игоревич', '2326', '789582', '84654851686', 'Улица Судакова, дом 13, квартира 198', 'zaycev@qwer.ty', '2015-09-28', 'Отделение по району Бабушкинский ОУФМС России по г', '1989-05-15', 'Гор. Заречный Пензенской области'),
(13, '11198751', 'fGxtshkeKdK0qUWojz', 'Кирилл', 'Васильев', 'Владиславович', '9865', '312654', '86138420555', 'Барабанный переулок, дом 4, корп. 5, квартира 95', 'vasiliev@qwer.ty', '2013-11-15', 'Отделение по району Алексеевский ОУФМС России по г', '1975-05-28', 'Гор. Никольск Вологодской области'),
(12, '11198701', 'EzpJHEq1w1EVwXSvgO', 'Илья', 'Соловьёв', 'Константинович', '2156', '164582', '84526825526', 'Улица Строителей, дом 74, квартира 175', 'soloviev@qwer.ty', '2012-01-10', 'Отделение по району Хорошёвский ОУФМС России по го', '1985-10-08', 'Г. Тюмень'),
(11, '11198651', 'eU1oxIwjZnfChSbMFT', 'Алексей', 'Волков', 'Романович', '4653', '498532', '88452625254', 'Бабаевская улица, дом 2, корп. 3, квартира 74', 'volkov@qwer.ty', '2003-09-05', 'Отделение по району Ховрино ОУФМС России по городу', '1977-03-01', 'Гор. Лобня Московской обл.'),
(10, '11198601', 'egNPSVZbahCw9eGN7h', 'Андрей', 'Петров', 'Владимирович', '3685', '597875', '84215875215', 'Улица Старый Гай, дом 45, квартира 49', 'petrov@qwer.ty', '2004-07-25', 'Отделение по району Тимирязевский ОУФМС России по ', '1981-11-20', 'Гор. Ставрополь'),
(9, '11198551', 'd6WYQjwinVWkTpm2xr', 'Михаил', 'Морозов', 'Павлович', '7842', '132588', '84572268745', 'Анненская улица, дом 85, квартира 69', 'morozov@qwer.ty', '2016-10-23', 'Отделение по району Савёловский ОУФМС России по го', '1978-10-24', 'Гор. Советск Тульской области'),
(8, '11198501', 'CTtpfJgrLszusmfKiS', 'Даниил', 'Новиков', 'Сергеевич', '6784', '989604', '89423015895', 'Староорловская улица, дом 12, квартира 157', 'novikov@qwer.ty', '2006-05-22', 'Отделение по району Молжаниновский ОУФМС России по', '1993-09-29', 'Гор. Сергиев Посад Московской обл.'),
(7, '11198451', 'CiYKA519tAMlqktBk7', 'Егор ', 'Козлов', 'Александрович', '1259', '468520', '84236985642', 'Андроньевская площадь, дом 7, квартира 36', 'kozlov@qwer.ty', '2013-08-15', 'Отделение по району Левобережный ОУФМС России по г', '1983-07-26', 'Гор. Благовещенск Амурской области'),
(6, '11198401', 'aJBTahvyRnOJlnl85g', 'Дмитрий', 'Лебедев', 'Анатольевич', '6321', '169845', '87596542365', 'Староватутинский проезд, дом 20, квартира 45', 'lebedev@qwer.ty', '2009-04-29', 'Отделение по району Коптево ОУФМС России по городу', '1983-04-27', 'Гор. Краснослободск Волгоградской обл.'),
(5, '11198351', 'a58JH1bxD5BN0mhfxM', 'Никита', 'Попов', 'Кириллович', '4523', '589923', '84598523675', 'Алтуфьевское шоссе, дом 78, квартира 63', 'popov@qwer.ty', '2010-01-30', 'Отделение по району Бескудниковский ОУФМС России п', '1970-09-10', 'Гор. Краснознаменск Калининградской обл.'),
(4, '11198301', '9OzMPyhHqTbvHMg3Y0', 'Артём', 'Соколов', 'Алексеевич', '7542', '230521', '84569852365', 'Улица Академика Янгеля, дом 52, корп. 2, квартира 52', 'sokolov@qwer.ty', '2007-11-08', 'Отделение по району Беговой ОУФМС России по городу', '1995-03-24', 'Гор. Красноармейск Московской обл.'),
(3, '11198251', '7vvOdp', 'Дарья', 'Кузнецова', 'Николаевна', '9852', '161662', '89004685299', '3-й Автозаводский проезд, дом 9, квартира 168', 'kuzn@qwer.ty', '2003-06-06', 'Отделение по району Тверской ОУФМС России по город', '1974-08-13', 'Гор. Радужный Владимирской обл.'),
(2, '11198201', '6RElM44FHBa4g5S2VJ', 'Максим ', 'Иванов', 'Петрович', '4511', '267981', '85003296574', 'Улица 1905 Года, дом 1, квартира 56', 'ivanovmi@qwer.ty', '2012-03-25', 'Отделение по району Таганский ОУФМС России по горо', '1997-06-13', 'Гор. Киров Калужской области'),
(1, '11198151', '3QjGHM', 'Александр ', 'Смирнов', 'Иванович', '4513', '989722', '88005353535', 'Площадь Соловецких Юнг, дом № 25, квартира 8', 'smirnov@qwer.ty', '2014-12-01', 'Отделение по району Арбат ОУФМС России по городу М', '1987-02-16', 'Гор. Приморск Калининградской обл.'),
(47, '11200451', 'qqFHTtDNu06HVD6RWS', 'Марк', 'Королёв', 'Сергеевич', '1346', '497256', '87952826852', 'Сурский проезд, дом 3, квартира 28', 'korolev@qwer.ty', '2013-11-12', 'Отделение по району Нагорный ОУФМС России по город', '1994-02-08', 'Гор. Заречный Свердловской области'),
(48, '11200501', 'qt7fm17taYOjWQmrPD', 'Лев', 'Герасимов', 'Павлович', '8643', '498536', '89752368520', 'Тарный проезд, дом 6, квартира 30', 'gerasimov@qwer.ty', '2009-05-07', 'Отделение по району Орехово-Борисово Северное ОУФМ', '1988-09-07', 'Гор. Москва'),
(49, '11200551', 'R8NOISmTE1Fv2LWNPU', 'Семён', 'Пономарёв', 'Владимирович', '2597', '187562', '87525878556', 'Бескудниковский проезд, дом 9, квартира 74', 'ponomarev@qwer.ty', '2016-03-16', 'Отделение по району Чертаново Северное ОУФМС Росси', '1985-02-22', 'Гор. Москва'),
(50, '11200601', 'RczPSf3qZx6DRvXhzs', 'Артур', 'Григорьев', 'Романович', '1380', '986458', '85274163412', 'Улица Татьяны Макаровой, дом 7, квартира 36', 'grigoriev@qwer.ty', '2014-12-14', 'Отделение по району Академический ОУФМС России по ', '1998-10-15', 'Гор. Киров Кировской области');

--
-- Индексы сохранённых таблиц
--

--
-- Индексы таблицы `bankaccount`
--
ALTER TABLE `bankaccount`
  ADD PRIMARY KEY (`NumberAccount`);

--
-- Индексы таблицы `contract`
--
ALTER TABLE `contract`
  ADD PRIMARY KEY (`IDContract`);

--
-- Индексы таблицы `history`
--
ALTER TABLE `history`
  ADD PRIMARY KEY (`IDOperation`);

--
-- Индексы таблицы `type`
--
ALTER TABLE `type`
  ADD PRIMARY KEY (`TypeID`);

--
-- Индексы таблицы `user`
--
ALTER TABLE `user`
  ADD PRIMARY KEY (`IDUser`);

--
-- AUTO_INCREMENT для сохранённых таблиц
--

--
-- AUTO_INCREMENT для таблицы `contract`
--
ALTER TABLE `contract`
  MODIFY `IDContract` int(11) NOT NULL AUTO_INCREMENT, AUTO_INCREMENT=27;

--
-- AUTO_INCREMENT для таблицы `history`
--
ALTER TABLE `history`
  MODIFY `IDOperation` int(11) NOT NULL AUTO_INCREMENT, AUTO_INCREMENT=44;

--
-- AUTO_INCREMENT для таблицы `type`
--
ALTER TABLE `type`
  MODIFY `TypeID` int(11) NOT NULL AUTO_INCREMENT, AUTO_INCREMENT=4;

--
-- AUTO_INCREMENT для таблицы `user`
--
ALTER TABLE `user`
  MODIFY `IDUser` int(11) NOT NULL AUTO_INCREMENT, AUTO_INCREMENT=52;
COMMIT;

/*!40101 SET CHARACTER_SET_CLIENT=@OLD_CHARACTER_SET_CLIENT */;
/*!40101 SET CHARACTER_SET_RESULTS=@OLD_CHARACTER_SET_RESULTS */;
/*!40101 SET COLLATION_CONNECTION=@OLD_COLLATION_CONNECTION */;
